id,nom,nom_de_famille,email,genre,address_ip
1,Demott,Shacklady,dshacklady0@ca.gov,Genderqueer,168.73.182.117
2,Ester,Landrean,elandrean1@ustream.tv,Non-binary,81.182.174.229
3,Puff,Benz,pbenz2@tripadvisor.com,Polygender,42.123.249.45
4,Maribelle,Eyckel,meyckel3@ustream.tv,Polygender,222.237.116.43
5,Urbano,Jozwicki,ujozwicki4@ehow.com,Male,188.130.32.34
6,Caddric,Reisenberg,creisenberg5@clickbank.net,Female,153.156.66.164
7,Joyce,Addinall,jaddinall6@blogspot.com,Agender,238.158.212.186
8,Julissa,Coultass,jcoultass7@360.cn,Agender,107.176.201.7
9,Kinnie,Pochet,kpochet8@economist.com,Agender,53.65.28.30
10,Myrlene,Walkley,mwalkley9@feedburner.com,Genderfluid,231.178.213.121
